Organization|Report Name|Publication year|Report type|Adherence level
104|2017 Corporate Social Responsibility Report (Traditional Chinese Version)|2018|GRI - G4|In accordance - Core
104|2016 Corporate Social Responsibility Report (Traditional Chinese Version)|2017|GRI - G4|Undeclared
104|2015 Corporate Social Responsibility Report (Chinese Version)|2016|Citing - GRI|None
104|2014 Corporate Social Responsibility Report (Chinese Version)|2015|GRI - G3.1|Undeclared
1&1 Drillisch AG|Sustainability Report 2018|2019|GRI - Standards|In accordance - Core
1&1 Drillisch AG|Sustainability Report 2017|2018|GRI - Standards|GRI - Referenced
1time|Annual Report 2011|2012|Non - GRI|N/A
1time|Annual Report 2010|2011|Non - GRI|N/A
20km de Lausanne|20km de Lausanne - Développement durable en bref|2018|Non - GRI|N/A
20km de Lausanne|20km de Lausanne - Développement durable en bref|2017|Non - GRI|N/A
20km de Lausanne|20km de Lausanne 2016 - Développement durable en bref|2016|Non - GRI|N/A
21st Century Fox|Social Impact|2014|Non - GRI|N/A
104|2017 Corporate Social Responsibility Report (Traditional Chinese Version)|2018|GRI - G4|In accordance - Core
104|2016 Corporate Social Responsibility Report (Traditional Chinese Version)|2017|GRI - G4|Undeclared
104|2015 Corporate Social Responsibility Report (Chinese Version)|2016|Citing - GRI|None
104|2014 Corporate Social Responsibility Report (Chinese Version)|2015|GRI - G3.1|Undeclared
1&1 Drillisch AG|Sustainability Report 2018|2019|GRI - Standards|In accordance - Core
1&1 Drillisch AG|Sustainability Report 2017|2018|GRI - Standards|GRI - Referenced
1time|Annual Report 2011|2012|Non - GRI|N/A
1time|Annual Report 2010|2011|Non - GRI|N/A
20km de Lausanne|20km de Lausanne - Développement durable en bref|2018|Non - GRI|N/A
20km de Lausanne|20km de Lausanne - Développement durable en bref|2017|Non - GRI|N/A
20km de Lausanne|20km de Lausanne 2016 - Développement durable en bref|2016|Non - GRI|N/A
21st Century Fox|Social Impact|2014|Non - GRI|N/A
37 Interactive Entertainment|2018  Social Responsibility Report  of  Wuhu Shunrong Sanqi Interactive Entertainment  Network Technology Co., Ltd.|2019|GRI - Standards|GRI - Referenced
3i Infrastructure|Annual Report and Accounts 2018|2018|Non - GRI|N/A
3i Infrastructure|Annual report and accounts 2017|2017|Non - GRI|N/A
3i Infrastructure|Annual report and accounts 2016|2016|Non - GRI|N/A
3i Infrastructure|Annual report and accounts 2015|2015|Non - GRI|N/A
3i Infrastructure|Annual Report and accounts 2014|2014|Non - GRI|N/A
3i Infrastructure|Annual report and accounts 2013|2013|Non - GRI|N/A
3i Infrastructure|Annual report and accounts 2012|2012|Non - GRI|N/A
3M|2019 Sustainability Report|2019|GRI - Standards|In accordance - Comprehensive
3M|3M 2018 Sustainability Report|2018|GRI - G4|In accordance - Core
3M|2017 Sustainability Report|2017|GRI - G4|In accordance - Core
3M|2016 Sustainability Report|2016|GRI - G4|In accordance - Core
3M|2015 Sustainability Report|2015|GRI - G4|In accordance - Core
3M|2014 Sustainability Report|2014|GRI - G3.1|B+
3M|3M 2013 Sustainability Report|2013|GRI - G3.1|C+
3M|2012 Sustainability Report|2012|GRI - G3.1|C+
3M|2011 Sustainabiity Report|2011|GRI - G3|C+
3M|2008 Sustainability Report|2009|GRI - G3|C+
3M|2007 Sustainability Report|2008|GRI - G3|C+
3M|2006 Sustainability Report|2007|GRI - G3|C+
3M|Sustainability web site report|2000|GRI - G1|N/A
3M Argentina|Gestión Sustentable - Reporte Argentina 2015|2016|GRI - G4|In accordance - Core
3M Argentina|Gestión Sustentable - Reporte Argentina 2014|2015|GRI - G4|In accordance - Core
3M Argentina|Gestión Sustentable - Reporte Argentina 2013|2014|GRI - G3.1|C
3M Argentina|Reporte de Sustentabilidad 2012|2013|GRI - G3.1|C
3M Argentina|Reporte de Sustentabilidad 2010|2011|Non - GRI|N/A
3M Brazil|"Relatório Anual de Sustentabilidade 2017 | Exercício 2016"|2017|Non - GRI|N/A
3M Brazil|Relatório Anual de Sustentabilidade 2015|2016|Citing - GRI|None
3M Brazil|Relatório Anual de Sustentabilidade 2015|2015|GRI - G3.1|B
3M Brazil|Relatório Anual de Sustentabilidade 2014|2014|GRI - G3|B
3M Brazil|Relatório de Sustentabilidade 2013 - Exercicio 2012|2013|GRI - G3|B
3M Brazil|Relatório Anual de Sustentabilidade 2011|2012|GRI - G3|C
3M Brazil|Relatório Anual de Sustentabilidade 2010|2011|GRI - G3|C
3SBio|Annual Report 2017|2018|Citing - GRI|None
3SBio|ANNUAL REPORT 2016|2017|Non - GRI|N/A
4C Group AG|UN Global Compact COP 2017|2017|Non - GRI|N/A
4D SOFT Kft.|Equal Opportunity and Sustainability Report 2015|2016|Non - GRI|N/A
6GEN|Sustainability Report 2009|2009|GRI - G3|Undeclared
6tell|Informe Responsabilitat Social 2008-2009|2009|GRI - G3|B
6tell|Memoria de Sostenibilitat 2006|2007|GRI - G3|B
888 Holdings|Corporate Responsibility Report 2008|2009|GRI - G3|A
A1|Umwelterklärung 2016/2017|2017|Non - GRI|N/A
A1|Moving forward. Step by step. 2015/2016|2016|GRI - G4|In accordance - Comprehensive
A1|A1 Umwelterklärung 2014|2015|Non - GRI|N/A
A2A spa|Integrated Report 2018|2019|GRI - Standards|In accordance - Core
A2A spa|Integrated Report 2017|2018|GRI - Standards|In accordance - Core
A2A spa|Integrated Report 2016|2017|GRI - G4|In accordance - Core
A2A spa|Bilancio di sostenibilità 2015|2016|GRI - G4|In accordance - Core
A2A spa|Sustainability Report 2014|2015|GRI - G4|In accordance - Core
A2A spa|Sustainability Report 2013|2014|GRI - G3.1|A+
A2A spa|Sustainability Report 2012|2013|GRI - G3.1|A+
A2A spa|Sustainability Report 2011|2012|GRI - G3.1|B+
A2A spa|Sustainability Report 2010|2011|GRI - G3|B+
A2A spa|Sustainability Report 2009|2010|GRI - G3|B+
A2A spa|Sustainability Report 2008|2009|GRI - G3|B
AA|Annual Report and Accounts 2018|2018|Non - GRI|N/A
AA|AA plc Annual Report and Accounts 2017|2017|Non - GRI|N/A
AA|AA plc Annual Report and Accounts 2016|2016|Non - GRI|N/A
AAC Technologies|2017 Sustainability Report|2018|Non - GRI|N/A
AAC Technologies|2016 Sustainability Report|2017|GRI - G4|In accordance - Core
AAC Technologies|2015 Sustainability Report|2016|Citing - GRI|None
AAC Technologies|2014 Sustainability Report|2015|Non - GRI|N/A
AAC Technologies|2013 Sustainability Report|2014|Non - GRI|N/A
AAK|Sustainability Report 2016/2017|2017|GRI - G4|Undeclared
AAK|Sustainability Report 2015/2016|2016|GRI - G4|Undeclared
AAK|Sustainability Report 2014/2015|2015|GRI - G3|Undeclared
AAK|Sustainability report 2013/2014|2014|GRI - G3|Undeclared
AAK|Responsible Growth AAK Sustainability Report 2012/2013|2013|GRI - G3|Undeclared
AAK|Responsible growth AAK sustainability report 2011/2012|2012|GRI - G3|Undeclared
AAK|Hållbarhetsrapport 2010/2011|2011|GRI - G3|Undeclared
AAK|AAK in the world. Sustainability Report 2009|2009|GRI - G3|Undeclared
Aalto University|Sustainable Campus Charter Report of Aalto University 2017|2018|Non - GRI|N/A
Aalto University|Sustainable Campus Charter Report of Aalto University 2016|2017|Non - GRI|N/A
Aalto University|Sustainable Campus Charter Report of Aalto University 2015 ISCN-GULF|2016|Non - GRI|N/A
Aalto University|Annual Report 2014|2015|Non - GRI|N/A
Aalto University|Aalto University ISCN-GULF Sustainable Campus Charter Report 2013|2014|Non - GRI|N/A
Aalto University|Aalto University ISCN-GULF Sustainable Campus Charter Report 2012|2013|Non - GRI|N/A
Aami|Sustainability Report 2010|2010|GRI - G3|C
Aami|Sustainability Report 09|2009|GRI - G3|C
aap Architekten|Gemeinwohl-Bericht 2013|2013|Non - GRI|N/A
Aareal Bank|Nachhaltigkeitsbericht 2015|2016|GRI - G4|In accordance - Core
Aareal Bank|Verantwortung übernehmen, mit Qualität überzeugen Nachhaltigkeitsbericht 2014|2015|GRI - G3|B
Aareal Bank|Sustainability Report 2013|2014|GRI - G3|B
Aareal Bank|Verantwortung baut auf Überzeugung. Nachhaltigkeitsbericht 2012|2013|GRI - G3|B
Aargau|Dritter Bericht Nachhaltige Entwicklung im Kanton Aargau|2012|Citing - GRI|None
Aargau|Zweiter Bericht Nachhaltige Entwicklung im Kanton Aargau|2009|Non - GRI|N/A
Aargau|Erster Bericht Nachhaltige Entwicklung im Kanton Aargau|2005|Non - GRI|N/A
Aargauische Kantonalbank|Geschäfts- und Nachhaltigkeitsbericht 2017|2018|GRI - G4|In accordance - Core
Aargauische Kantonalbank|AKB Nachhaltigkeitsbericht 2016|2017|GRI - G4|In accordance - Core
Aargauische Kantonalbank|Geschaftsbericht 2015|2016|GRI - G4|In accordance - Core
Aargauische Kantonalbank|Jahresbericht 2014|2015|GRI - G3|B
Aargauische Kantonalbank|Jahresberichte & GRI Content Index 2013|2014|GRI - G3|Undeclared
Aargauische Kantonalbank|Nachhaltigkeitsbericht 2012|2013|GRI - G3|B+
Aargauische Kantonalbank|Jahresbericht 2011|2012|GRI - G3|B+
Aargauische Kantonalbank|Jahresbericht 2010|2011|GRI - G3|B+
Aargauische Kantonalbank|Nachhaltigkeitsbericht 2009|2010|GRI - G3|C
Abacus Property Group|Annual Report 2016|2016|Non - GRI|N/A
Abacus Property Group|Sustainability Report 2015|2015|Non - GRI|N/A
ABANCA|Memoria Corporativa y de Responsabilidad Social ABANCA 2016|2017|GRI - G4|In accordance - Comprehensive
ABANCA|Memoria de Responsabilidad Social Corporativa de ABANCA 2015|2016|GRI - G4|In accordance - Comprehensive
Abans Electricals PLC|Annual Report 2017/18|2018|Non - GRI|N/A
Abans Electricals PLC|Annual Report 2016/17|2017|Non - GRI|N/A
Abans Electricals PLC|Annual Report 2015/16|2016|Non - GRI|N/A
Abans Electricals PLC|Annual Report 2014/15|2015|Non - GRI|N/A
Abans Electricals PLC|Annual Report 2013/14|2014|Non - GRI|N/A
Abans Electricals PLC|Annual Report 2012/13|2013|Non - GRI|N/A
ABB India Ltd.|ABB India Annual Report FY 16-17|2017|Non - GRI|N/A
ABB India Ltd.|Business Responsibility Repory 2015|2016|Non - GRI|N/A
ABB Ltd.|SUSTAINABILITY REPORT 2018 - Shaping a sustainable world|2019|GRI - Standards|GRI - Referenced
ABB Ltd.|ABB Sustainability Report 2017 - Let’s write the future. Together.|2018|GRI - Standards|GRI - Referenced
ABB Ltd.|ABB Group Sustainability Report 2015|2016|GRI - G4|Undeclared
ABB Ltd.|Sustainability Performance Report 2014|2015|Citing - GRI|None
ABB Ltd.|ABB Sustainability Performance Report 2013|2014|GRI - G3.1|B+
ABB Ltd.|Sustainability Performance 2012|2013|GRI - G3.1|B
ABB Ltd.|Sustainability Performance 2011|2012|GRI - G3|B
ABB Ltd.|Sustainability Performance 2010|2011|GRI - G3|B
ABB Ltd.|Sustainability performance 2009|2010|GRI - G3|B
ABB Ltd.|Sustainability Performance 2008|2009|GRI - G3|B+
ABB Ltd.|2007 Sustainability Review|2008|GRI - G3|Undeclared
ABB Ltd.|Sustainability Review ABB Group Annual Report 2006|2007|GRI - G3|Undeclared
ABB Ltd.|Sustainability Review ABB Annual Report 2005|2006|GRI - G2|In Accordance
ABB Ltd.|Sustainability Review ABB Annual Report 2004|2005|GRI - G2|In Accordance
ABB Ltd.|Sustainability Review ABB Group Annual Report 2003|2004|GRI - G2|In Accordance
ABB Ltd.|Sustainability Report 2002|2003|GRI - G2|Content Index Only
ABB Ltd.|Sustainability Report|2002|GRI - G1|None
ABB Ltd.|ABB Sustainability Report 2000|2001|GRI - G1|None
Abbott|2017 Global Sustainability Report|2018|Citing - GRI|None
Abbott|Global Sustainability Report 2016|2017|Citing - GRI|None
Abbott|2015 Global Citizenship Report|2016|Citing - GRI|None
Abbott|GLOBAL CITIZENSHIP REPORT 2014|2015|Citing - GRI|None
Abbott|2013 Abbott Global Citizenship Report|2014|GRI - G3|Undeclared
Abbott|Interim 2011-2012 Citizenship Report|2013|GRI - G3|Undeclared
Abbott|Global Citizenship Report 2011|2012|GRI - G3|Undeclared
Abbott|Global Citizenship Report 2010|2011|GRI - G3|Undeclared
Abbott|2009 Global Citizenship Report|2010|GRI - G3|Undeclared
Abbott|Global Citizenship Report 2008|2009|GRI - G3|Undeclared
Abbott|2007 Global Citizenship Report|2008|GRI - G3|Undeclared
Abbott|2006 Global Citizenship Report|2007|GRI - G2|Content Index Only
Abbott|2005 Global Citizenship Report|2006|GRI - G2|Content Index Only
Abbott|2003 Global Citizenship Report|2004|GRI - G2|Content Index Only
Abbott Brasil|2009 Citizenship Report|2010|Non - GRI|N/A
Abbott China|2015 Citizenship Report|2016|Non - GRI|N/A
Abbott China|2012-2013 CSR Report|2014|Non - GRI|N/A
Abbott China|2011 Citizenship Report|2012|Non - GRI|N/A
Abbott India|2010-11 Citizenship Report|2011|Non - GRI|N/A
Abbott Ireland|Sustainability Report 2017-2018|2018|Non - GRI|N/A
Abbott Ireland|2015-2016 Citizenship Report|2017|Non - GRI|N/A
Abbott Ireland|2014 Citizenship Report|2015|Non - GRI|N/A
Abbott Ireland|2011-12 Citizenship Report|2012|Non - GRI|N/A
Abbott Ireland|2010/2011 Citizenship Report|2011|Non - GRI|N/A
Abbott Italy|2009 Citizenship Report|2010|Non - GRI|N/A
Abbott Russia|Social report Abbott Russia  2014-2015|2016|Non - GRI|N/A
Abbott Russia|Social report Abbot Russia 2012-2013|2013|Non - GRI|N/A
Abbott Vietnam|Abbott Global Citizenship Report 2013|2014|GRI - G3|Undeclared
Abbott Vietnam|Abbott Vietnam Citizenship Report 2012-2013|2013|Non - GRI|N/A
AbbVie|2017 Responsible Action Report|2018|Non - GRI|N/A
AbbVie|2015 Corporate Responsibility|2015|Non - GRI|N/A
AbbVie|2014 Corporate Responsibility|2014|Non - GRI|N/A
ABC arbitrage Group|Rapport Financier Annuel 2017|2018|Non - GRI|N/A
ABC arbitrage Group|Annual report 2016|2017|Non - GRI|N/A
ABC arbitrage Group|Annual report 2015|2016|Non - GRI|N/A
ABC - AUSTRALIAN BROADCASTING CORPORATION|ABC Annual Report 2018|2018|Citing - GRI|None
ABC - AUSTRALIAN BROADCASTING CORPORATION|ABC Annual report 2017|2017|Non - GRI|N/A
ABC - AUSTRALIAN BROADCASTING CORPORATION|ABC Annual Report 2016|2016|Non - GRI|N/A
ABC - AUSTRALIAN BROADCASTING CORPORATION|ABC Annual Report 2015|2015|GRI - G3.1|Undeclared
ABC - AUSTRALIAN BROADCASTING CORPORATION|2013-2014 Annual Report|2014|GRI - G3.1|Undeclared
ABC - AUSTRALIAN BROADCASTING CORPORATION|2013 Sustainability Report|2013|Citing - GRI|None
ABC PRODEIN|Memoria de Sostenibilidad 2015|2016|GRI - G4|In accordance - Core
ABC PRODEIN|Memoria de Sostenibilidad 2014|2015|GRI - G4|Undeclared
ABC PRODEIN|Memoria de Sostenibilidad 2013|2014|GRI - G4|In accordance - Core
ABC PRODEIN|Memoria de sostenibilidad 2012|2013|GRI - G3|C
ABC PRODEIN|Primer Informe de Sostenibilidad 2011|2012|GRI - G3|C
Abdi Ibrahim|Abdi İbrahim UNGC COP Report 2016|2017|Non - GRI|N/A
Abdi Ibrahim|Abdi İbrahim Sustainabilty Report 2015-2016|2017|GRI - G4|In accordance - Core
Abdi Ibrahim|Abdi İbrahim UNGC COP Report 2015|2016|Non - GRI|N/A
Abdi Ibrahim|Abdi İbrahim Sustainability Report|2015|GRI - G3.1|A
Abdi Ibrahim|Progress Report 2014|2014|Citing - GRI|None
Abdi Ibrahim|ABDI IBRAHIM-SUSTAINABILITY REPORT 2012|2013|GRI - G3|A
Abdi Ibrahim|UNGC Progress Report 2012|2012|Non - GRI|N/A
ABDÓN Y LUCAS|Memoria de sostenibilidad 2009|2011|GRI - G3|C
Abeinsa|Corporate Social Responsibility Report 2014|2015|GRI - G4|In accordance - Comprehensive
Abeinsa|Informe de Responsabilidad Social Corporativa 2013|2014|GRI - G3.1|A+
Abeinsa|Informe de Responsabilidad Social Corporativa 2012|2013|GRI - G3.1|A+
Abeinsa|Informe de Responsabilidad Social Corporativa 2011|2012|GRI - G3.1|A+
Abeinsa|Informe de Responsabilidad Social Corporativo 2010|2011|GRI - G3|A+
Abeinsa|Informe Annual 2009|2010|GRI - G3|A+
Abeinsa|Informe Anual 2008|2009|GRI - G3|A+
Abellio|Annual Report 2013|2014|Non - GRI|N/A
Abellio|Improving communities - Abellio CR Report|2013|GRI - G3.1|A+
Abellio|Abellio Group Corporate Responsibility Report 2011|2012|GRI - G3.1|B+
Abellio|Corporate Responsibility Report 2009|2010|Non - GRI|N/A
Abengoa|Annual Report 2016|2017|GRI - G4|In accordance - Core
Abengoa|Informe Anual 2015|2016|GRI - G4|In accordance - Comprehensive
Abengoa|Corporate Social Responsibility Report 2014|2015|GRI - G4|In accordance - Comprehensive
Abengoa|2013 Corporate Social Responsibility Annual Report|2014|GRI - G3.1|A+
Abengoa|2012 Corporate Social Responsibility Report|2013|GRI - G3.1|A+
Abengoa|2011 Sustainability Report|2012|GRI - G3.1|A+
Abengoa|2010 Corporate Social Responsibility Report|2011|GRI - G3|A+
Abengoa|Informe RSC 2009|2010|GRI - G3|A+
Abengoa|Informe de Responsabilidad Social Corporativa 2008|2009|GRI - G3|A+
Abengoa|2007 CSR Report|2008|GRI - G3|A+
Abengoa|Corporate Social Responsibility Report 2006|2007|GRI - G2|In Accordance
Abengoa|Corporate Social Responsibility Report 2005|2006|GRI - G2|In Accordance
Abengoa|Corporate Social Responsibility Report 2004|2005|GRI - G2|In Accordance
Abengoa Bioenergía|Informe de Responsabilidad Social Corporativa 2015|2016|GRI - G4|In accordance - Comprehensive
Abengoa Bioenergía|Informe de Responsabilidad Social Corporativa 2014|2015|GRI - G4|In accordance - Comprehensive
Abengoa Bioenergía|Informe de Responsabilidad Social Corporativa 2013|2014|GRI - G3.1|A+
Abengoa Bioenergía|Sustainability Report 2012|2013|GRI - G3.1|A+
Abengoa Bioenergía|Abengoa Bioenergía - Informe de Responsabilidad Social Corporativa|2012|GRI - G3.1|A+
Abengoa Bioenergía|Sustainability Report 2010|2011|GRI - G3|A+
Abengoa Bioenergía|Informe de Responsabilidad Social Corporativa 2009|2010|GRI - G3|A+
Abengoa Bioenergía|Informe de Responsabilidad Social Corporativa 2008|2009|GRI - G3|A+
Abengoa Solar|CSR Report 2014|2015|GRI - G4|In accordance - Comprehensive
Abengoa Solar|Corporate Social Responsibility Report 2013|2014|GRI - G3.1|A+
Abengoa Solar|Corporate Social Responsability report 2012|2013|GRI - G3.1|A+
Abengoa Solar|Corporate social responsability report 2011|2012|GRI - G3.1|A+
Abengoa Solar|Informe de Responsabilidad Social Corporativa|2011|GRI - G3|A+
Abengoa Solar|Informe de RSC 2009|2010|GRI - G3|A+
Abengoa Solar|Memoria de Responsabilidad Social Corporativa 2008|2009|GRI - G3|A+
Abengoa Water|Corporate Social Responsibility Report 2014|2015|GRI - G4|In accordance - Comprehensive
Abengoa Water|2013 CSR Annual Report|2014|GRI - G3.1|A+
Abengoa Water|Informe de Sostenibilidad 2012|2013|GRI - G3.1|A+
Aberdeen Asset Management PLC|Global Equity Impact Fund Annual Impact Report 2018|2018|Non - GRI|N/A
Aberdeen Asset Management PLC|Corporate sustainability and stewardship report 2017|2017|Non - GRI|N/A
Aberdeen Asset Management PLC|Corporate Stewardship Report|2016|GRI - G4|Undeclared
Aberdeen Asset Management PLC|Corporate responsibility report 2015|2015|GRI - G3|Undeclared
Aberdeen Asset Management PLC|Corporate Responsibility Report 2014|2014|GRI - G3|Undeclared
Aberdeen Asset Management PLC|Corporate Responsibility Report 2012/2013|2013|GRI - G3|Undeclared
Aberdeen Asset Management PLC|Corporate Responsibility Report For the 12 months to 30 September 2012|2012|GRI - G3|Undeclared
Aberdeen Asset Management PLC|Corporate Social Responsibility Report For the 12 months to 30 September 2011|2011|Non - GRI|N/A
Aberio|REPORTE DE SOSTENIBILIDAD 2014|2015|GRI - G4|In accordance - Core
Abertis|2018 Annual Integrated Report|2019|GRI - Standards|In accordance - Comprehensive
Abertis|2017 Annual Integrated Report|2018|GRI - Standards|In accordance - Comprehensive
Abertis|Abertis  Integrated Annual Report 2016 and Annex to the 2016 Integrated Annual Report. Monitoring of the CSR Master Plan|2017|GRI - Standards|In accordance - Comprehensive
Abertis|2015 CSR Report|2016|GRI - G4|In accordance - Comprehensive
Abertis|2014 CSR Report|2015|GRI - G4|In accordance - Comprehensive
Abertis|Corporate Social Responsibility Report 2013|2014|GRI - G3.1|A+
Abertis|2012 CSR report|2013|GRI - G3.1|A+
Abertis|CSR Report 2011|2012|GRI - G3.1|A+
Abertis|CSR Report 2010|2011|GRI - G3|A+
Abertis|CSR Report 2009|2010|GRI - G3|A+
Abertis|CSR Report 2008|2009|GRI - G3|A+
Abertis|Corporate Social responsibility report 2007|2008|GRI - G3|A+
Abertis|CSR Report 2006|2007|GRI - G2|In Accordance
Abertis|Corporate Social Responsbility Report 2005|2006|GRI - G3|A+
Abertis|Corporate Social Responsbility Report 2004|2005|GRI - G2|In Accordance
Abertis|Corporate Social Responsibility Report 2003|2004|GRI - G2|In Accordance
Abfallwirtschaftsbetrieb München|125 Jahre Verantwortung – Nachhaltigkeits- und Geschäftsbericht|2016|GRI - G4|In accordance - Comprehensive
Abfallwirtschaftsbetrieb München|Zukunft mit Verantwortung - Nachhaltigkeitsbericht 2012|2013|GRI - G3.1|A
Ability Options Limited|Annual and Sustainability Report 2011-2012|2012|GRI - G3.1|C
Ability Options Limited|Ability Options 2010-11 Annual and Sustainability Report|2011|GRI - G3.1|C
AB Klaipėdos Nafta|2016 Social Responsibility Progress Report|2017|Non - GRI|N/A
AB Klaipėdos Nafta|SOCIALINĖS ATSAKOMYBĖS ATASKAITA 2015 M.|2016|Citing - GRI|None
Ablakcentrum|2009 - Sustainability Report|2010|GRI - G3|C
Ablerex Electronics Co., Ltd.|2016 Corporate Social Responsibility Report (Traditional Chinese Version)|2017|GRI - G4|In accordance - Core
Ablerex Electronics Co., Ltd.|2015 Corporate Social Responsibility Report (Chinese Version)|2016|GRI - G4|In accordance - Core
ABM Industries Incorporated|2015 Sustainability Report|2016|GRI - G4|Undeclared
ABM Industries Incorporated|2014 Corporate Sustainability Report|2015|GRI - G4|In accordance - Core
ABM Industries Incorporated|2013 Sustainability Report|2014|GRI - G3|C+
ABM Industries Incorporated|Sustainability Report 2012|2013|GRI - G3|C+
ABM Industries Incorporated|Corporate Sustainability Report 2011|2012|GRI - G3|C+
ABM Industries Incorporated|Corporate Sustainability Report|2011|GRI - G3|Undeclared
ABN AMRO Holding|Integrated Annual Report 216|2017|Citing - GRI|None
ABN AMRO Holding|Annual Report 2015|2016|Citing - GRI|None
ABN AMRO Holding|Sustainability report 2014|2015|GRI - G4|In accordance - Core
ABN AMRO Holding|Sustainability Report 2013|2014|GRI - G3.1|A+
ABN AMRO Holding|Sustainability Report 2012|2013|GRI - G3|B
ABN AMRO Holding|Duurzaamheidsverslag 2011|2012|GRI - G3.1|B
ABN AMRO Holding|Sustainable Development Report 2010|2011|GRI - G3|C
ABN AMRO Holding|Sustainability Report 2006|2007|GRI - G3|A+
ABN AMRO Holding|Sustainability Report 2005|2006|GRI - G2|In Accordance
ABN AMRO Holding|Sustainability Report 2004|2005|GRI - G2|In Accordance
ABN AMRO Holding|Sustainability Report 2003|2004|GRI - G2|Content Index Only
ABN AMRO Holding|Environment report 1998-2000|2001|GRI - G1|None
ABN AMRO INDIA|06-07 Sustainability Report|2008|GRI - G3|Undeclared
Aboitiz Equity Ventures|Advancing Business and Communities; Annual Report 2016|2017|GRI - G4|In accordance - Core
Aboitiz Equity Ventures|Sustaining Leadership: Aboitiz Group Sustainability, 2015 Annual Report|2016|GRI - G4|In accordance - Core
Aboitiz Equity Ventures|Aboitiz Better World Report|2015|GRI - G4|In accordance - Core
Aboitiz Equity Ventures|2013 Sustainability Report|2014|GRI - G3.1|B
Aboitiz Equity Ventures|Strengthening Our Commitment to Sustainability 2012|2013|GRI - G3.1|B
Aboitiz Equity Ventures|2009 Sustainability Report|2010|GRI - G3|C
Abreu Advogados|Relatório de Sustentabilidade 2013-2014|2015|Citing - GRI|None
Abreu Advogados|WE ADVOCATE SUSTAINABILITY - 2011-2012|2013|GRI - G3|B
Abreu Advogados|Relatório de Sustentabilidade 2009-2010|2011|GRI - G3|B
Abreu Advogados|We advocate sustainabilty|2009|GRI - G3|B
ABS|Nachhaltigkeitsbericht 2016|2017|Non - GRI|N/A
ABS|ABS Nachhaltigkeit 2015|2016|Citing - GRI|None
Absa Group Limited|2017 Integrated Report|2018|Citing - GRI|None
Absa Group Limited|GRI Report 2017|2017|GRI - G4|In accordance - Core
Absa Group Limited|Integrated Report 2016|2017|Non - GRI|N/A
Absa Group Limited|Integrated Report 2015|2016|GRI - G4|Undeclared
Absa Group Limited|Integrated Report 2014|2015|GRI - G4|Undeclared
Absa Group Limited|Integrated Report 2013|2014|GRI - G4|Undeclared
Absa Group Limited|Integrated Report 2012|2013|GRI - G3|B+
Absa Group Limited|Integrated Annual Report 2011|2012|GRI - G3.1|B
Absa Group Limited|Sustainability Report 2010|2011|GRI - G3|Undeclared
Absa Group Limited|Annual report 2009|2010|GRI - G3|Undeclared
Absa Group Limited|Sustainability review 2008|2009|GRI - G3|Undeclared
Absa Group Limited|Annual Review 2007|2008|GRI - G3|Undeclared
Absa Group Limited|Annual Report 2004|2004|GRI - G2|Content Index Only
Absa Group Limited|Sustainability Report|2003|GRI - G2|Content Index Only
ABS-CBN Corporation|Annual Report 2017|2018|Citing - GRI|None
ABS-CBN Corporation|Annual Report 2016|2017|Non - GRI|N/A
AB science|Rapport Financier Annuel 2017|2018|Non - GRI|N/A
AB science|Document de Référence 2016|2017|Non - GRI|N/A
AB science|Rapport financier annuel 2015|2016|Non - GRI|N/A
AB science|Rapport financier annuel 2014|2015|Non - GRI|N/A
AB Sugar|2018 Global Mind, Local Champions|2018|Non - GRI|N/A
Abu Dhabi Airports Company (ADAC)|2011 Sustainability Report|2013|GRI - G3.1|B
Abu Dhabi Airports Company (ADAC)|2010 Corporate Responsibility Report|2011|GRI - G3|C
Abu Dhabi Commercial Bank (ADCB)|2015 Annual Report|2016|Non - GRI|N/A
Abu Dhabi Commercial Bank (ADCB)|Sustainability Report 2014|2015|Citing - GRI|None
Abu Dhabi Commercial Bank (ADCB)|Sustainability Report 2013|2014|GRI - G4|In accordance - Core
Abu Dhabi Commercial Bank (ADCB)|Sustainability Report 2012|2013|GRI - G3.1|B
Abu Dhabi Commercial Bank (ADCB)|Sustainability Report 2011|2012|GRI - G3.1|B
Abu Dhabi Company for Onshore Oil Operations (ADCO)|Sustainability Report 2015|2016|GRI - G4|Undeclared
Abu Dhabi Company for Onshore Oil Operations (ADCO)|Sustainability Report 2014|2015|GRI - G3.1|B
Abu Dhabi Company for Onshore Oil Operations (ADCO)|Sustainability Report 2013|2014|GRI - G3.1|B
Abu Dhabi Company for Onshore Oil Operations (ADCO)|Sustainability Report 2012|2013|GRI - G3.1|B
Abu Dhabi Company for Onshore Oil Operations (ADCO)|Sustainability Report 2011|2012|GRI - G3|C
Abu Dhabi Department of Municipal Affairs (DMA)|2009 Sustainability Report|2010|GRI - G3|B
Abu Dhabi Department of Transport|Sustainability Report 2014|2015|GRI - G4|In accordance - Core
Abu Dhabi Department of Transport|Sustainability Report 2013|2014|GRI - G4|In accordance - Core
Abu Dhabi Department of Transport|Sustainability Report 2012|2013|GRI - G3.1|A+
Abu Dhabi Department of Transport|Sustainability Report 2011|2012|GRI - G3.1|A+
Abu Dhabi Department of Transport|Sustainability Report 2010|2011|GRI - G3|A
Abu Dhabi Department of Transport|2009 Sustainability Report|2010|GRI - G3|B
Abu Dhabi Department of Transport|Sustainability Report 2009|2010|GRI - G3|B
Abu Dhabi Fund for Development (ADFD)|2012 Annual Report|2014|Non - GRI|N/A
Abu Dhabi Gas Liquefaction Company|2012 Sustainability Report|2013|Citing - GRI|None
Abu Dhabi Gas Liquefaction Company|2011 Sustainability Report|2012|GRI - G3.1|C
Abu Dhabi Gas Liquefaction Company|Sustainability Report 2010|2011|GRI - G3|C
Abu Dhabi Gas Liquefaction Company|2009 Sustainability Report|2010|Citing - GRI|None
Abu Dhabi International Centre for Organizational Excellence|Sustainability Report 2010|2011|GRI - G3|B
Abu Dhabi International Centre for Organizational Excellence|Sustainability Report 2009|2010|GRI - G3|A
Abu Dhabi International Centre for Organizational Excellence|Sustainability Report 2008|2009|GRI - G3|A
Abu Dhabi International Centre for Organizational Excellence|Our Commitment to Sustainability 2008|2009|GRI - G3|A
Abu Dhabi Islamic Bank PJSC (ADIB)|Corporate Responsibility Report 2011|2012|Non - GRI|N/A
Abu Dhabi Marine Operating Company-ADMA|2015-2016 Sustainability Report|2016|Citing - GRI|None
Abu Dhabi Marine Operating Company-ADMA|2014-2015 Sustainability Report|2015|Citing - GRI|None
Abu Dhabi Marine Operating Company-ADMA|2011-2012 Sustainability Report|2012|Non - GRI|N/A
Abu Dhabi Marine Operating Company-ADMA|2010-2011 Sustainability Report|2011|Non - GRI|N/A
Abu Dhabi National Energy Company (TAQA)|Sustainable Development Report 2013|2014|Citing - GRI|None
Abu Dhabi National Energy Company (TAQA)|2012 Sustainability Report|2013|GRI - G3|C
Abu Dhabi National Oil Company (ADNOC)|2015-2016 Sustainability Report|2016|Citing - GRI|None
Abu Dhabi National Oil Company (ADNOC)|2014 Sustainability Report|2015|GRI - G3.1|Undeclared
Abu Dhabi National Oil Company (ADNOC)|Sustainability Report 2013|2014|GRI - G3.1|A
Abu Dhabi National Oil Company (ADNOC)|ADNOC Sustainability Report 2012|2013|GRI - G3.1|A
Abu Dhabi National Oil Company (ADNOC)|2011 Sustainability Report|2012|GRI - G3|A
Abu Dhabi National Oil Company (ADNOC)|2010 Sustainability Report|2011|GRI - G3|A
Abu Dhabi National Oil Company (ADNOC)|Sustainability Report 2009|2010|GRI - G3|Undeclared
Abu Dhabi Polymers Company (Borouge)|Sustainability Report 2015|2016|GRI - G4|In accordance - Core
Abu Dhabi Polymers Company (Borouge)|Sustainability Report 2014|2015|GRI - G4|In accordance - Core
Abu Dhabi Polymers Company (Borouge)|Sustainability Report 2013|2014|GRI - G4|Undeclared
Abu Dhabi Polymers Company (Borouge)|2012 Sustainability Report|2013|GRI - G3.1|B
Abu Dhabi Polymers Company (Borouge)|Sustainability Report 2011|2012|GRI - G3|Undeclared
Abu Dhabi Tourism & Culture Authority|Sustainability Report 2009|2010|GRI - G3|B
Abu Dhabi Water & Electricity Authority|2014-2015 Sustainability Report|2015|GRI - G3.1|B
Abu Dhabi Water & Electricity Authority|Sustainability Report 2009 - Toward Sustainable Environment Energy, and Water Re|2010|GRI - G3|C
Abufrut Exportaciones|Reporte de Sostenibilidad 2008|2009|GRI - G3|B
Abufrut Exportaciones|Reporte de Sustentabilidad 2005|2006|GRI - G2|Content Index Only
AB Vassilopoulos|CSR Actions 2017|2018|Non - GRI|N/A
AB Vassilopoulos|CSR ACTIONS 2016|2017|Non - GRI|N/A
AB Vassilopoulos|CSR ACTIONS 2015|2016|Non - GRI|N/A
AB Vassilopoulos|CSR ACTIONS 2014|2015|Non - GRI|N/A
AB Vassilopoulos|CSR ACTIONS 2013|2014|Non - GRI|N/A
AB Vassilopoulos|CSR Actions 2012|2013|Non - GRI|N/A
AB Vassilopoulos|CSR Actions 2011|2012|Non - GRI|N/A
AB Vassilopoulos|Social Responsibility|2011|Non - GRI|N/A
AB Vassilopoulos|Social Report 2009|2010|GRI - G3|C
AB Vassilopoulos|Corporate Responsibility Report 2008|2009|GRI - G3|Undeclared
Acacia Mining|2017 Sustainability Report|2018|Non - GRI|N/A
Acacia Mining|2016 Sustainability Report|2017|Non - GRI|N/A
Acacia Mining|2015 Sustainability Report|2016|Non - GRI|N/A
Acacia Mining|2014 Sustainability Report|2015|Non - GRI|N/A
AcBel Polytech Inc.|2015  AcBel Corporate Sustainability Report|2016|GRI - G4|In accordance - Core
AcBel Polytech Inc.|2014 Corporate Responsibility Report|2015|GRI - G4|Undeclared
AcBel Polytech Inc.|2013 Corporate Social Responsibility Report (Chinese Version)|2014|GRI - G4|In accordance - Core
AcBel Polytech Inc.|2012 Corporate Social Responsibility Report (Chinese Version)|2013|GRI - G3.1|Undeclared
A.C.CAMARGO CANCER CENTER|Relatório de Sustentabilidade 2017|2018|GRI - G4|In accordance - Comprehensive
A.C.CAMARGO CANCER CENTER|Relatório de Sustentabilidade 2016|2017|GRI - G4|In accordance - Comprehensive
A.C.CAMARGO CANCER CENTER|Relatório de Sustentabilidade 2015|2016|GRI - G4|In accordance - Comprehensive
A.C.CAMARGO CANCER CENTER|Relatório de Sustentabilidade 2014|2015|GRI - G4|In accordance - Comprehensive
A.C.CAMARGO CANCER CENTER|Relatório de Sustentabilidade 2013|2014|GRI - G3|C+
A.C.CAMARGO CANCER CENTER|Relatório de Sustentabilidade 2011 - Preservando o Futuro|2012|GRI - G3.1|C+
Accelerate Property Fund|2018 Integrated Report|2018|Non - GRI|N/A
Accelerate Property Fund|INTEGRATED REPORT 2017|2017|Non - GRI|N/A
Accelerate Property Fund|INTEGRATED REPORT 2016|2017|Citing - GRI|None
Accelink Technologies|Social Responsibility Report 2017|2018|Non - GRI|N/A
Accelink Technologies|Social Responsibility Report 2016|2017|Non - GRI|N/A
Accelink Technologies|Social Responsibility Report 2015|2016|Non - GRI|N/A
Accelink Technologies|2014 CSR Report|2015|Citing - GRI|None
Accelink Technologies|CSR Report 2013|2014|Citing - GRI|None
Accelink Technologies|2012 Corporate Social Responsibility Report|2013|Citing - GRI|None
Accelink Technologies|Social Responsibility Report 2011|2012|Citing - GRI|None
Accentuate|Integrated Annual Report 2018|2018|Non - GRI|N/A
Accentuate|Integrated Annual Report 2017|2017|Non - GRI|N/A
Accentuate|Integrated Annual Report 2016|2016|Non - GRI|N/A
Accentuate|Integrated Annual Report 2015|2015|Non - GRI|N/A
Accentuate|Integrated Annual Report 2014|2014|Non - GRI|N/A
Accentuate|Integrated Annual Report 2013|2013|Non - GRI|N/A
Accentuate|Annual report 2012|2012|Citing - GRI|None
Accentuate|Annual report 2011|2011|Non - GRI|N/A
Accentuate|Annual Report 2010|2010|Non - GRI|N/A
Accenture|Corporate Citizenship Report 2017|2018|GRI - Standards|GRI - Referenced
Accenture|2016 Corporate Citizenship Report|2017|GRI - G4|In accordance - Core
Accenture|Making a Measurable Difference - 2015 Corporate Citizenship Report|2016|GRI - G4|In accordance - Core
Accenture|2014 Corporate Citizenship Report|2015|GRI - G3|B+
Accenture|2012-2013 Corporate Citizenship Report|2014|GRI - G3|B
Accenture|2013 UNGC Communication on Progress|2013|GRI - G3|B
Accenture|Sustainability Report 2011|2012|GRI - G3|B
Accenture|Sustainability Report 2010|2011|GRI - G3|C
Accenture|Sustainability Report 2009|2010|GRI - G3|C
ACCENTURE Portugal|Relatorio Responsabilidade Corporativa 2012|2013|GRI - G3.1|A
Accenture Spain|Informe de Responsabilidad Empresarial España 2018|2019|GRI - Standards|In accordance - Comprehensive
Accenture Spain|Informe de responsabilidad empresarial España 2017|2018|GRI - Standards|In accordance - Comprehensive
Accenture Spain|Informe de responsabilidad empresarial España 2016|2017|GRI - Standards|In accordance - Comprehensive
Accenture Spain|Informe de responsabilidad empresarial España 2015|2016|GRI - G4|In accordance - Comprehensive
Accenture Spain|Informe de responsabilidad empresarial España 2014|2015|GRI - G4|In accordance - Comprehensive
Accenture Spain|2013 Sustainability Report|2014|GRI - G4|In accordance - Comprehensive
Accenture Spain|Memoria España 2012. Informe de Responsabilidad empresarial|2013|GRI - G3.1|A+
Accenture Spain|Memoria España 2011. Informe de Responsabilidad empresarial|2012|GRI - G3.1|A+
Accenture Spain|Informe de Responsabilidad empresarial 2010|2011|GRI - G3.1|A+
Accenture Spain|Memoria España 2009. Informe de Responsabilidad empresarial|2010|GRI - G3|A+
Accenture Spain|Memoria 2008|2009|GRI - G3|A+
Accenture Spain|Memoria España 2007|2008|GRI - G3|A
Access Bank Ghana|Annual Report 2017|2018|Citing - GRI|None
Access Bank Ghana|Annual Report 2016|2017|Non - GRI|N/A
Access Bank Ghana|Annual Report 2015|2016|Non - GRI|N/A
Access Bank PLC|10 Years of Leading Sustainability: 2017 Sustainability Report|2018|Citing - GRI|None
Access Bank PLC|2016 SUSTAINABILITY REPORT|2017|GRI - G4|In accordance - Comprehensive
Access Bank PLC|2015 SUSTAINABILITY REPORT|2016|GRI - G4|Undeclared
Access Bank PLC|SUSTAINABILITY REPORT 2014|2015|GRI - G4|In accordance - Core
Access Bank PLC|SUSTAINABILITY REPORT 2013|2014|GRI - G3.1|Undeclared
Access Bank PLC|Sustainability Report 2012|2013|GRI - G3|B+
Access Bank PLC|CSR Report 2011|2012|GRI - G3|B+
Access Bank PLC|CSR Report 2010|2011|GRI - G3|B+
Access Bank PLC|CSR Report 2009|2010|GRI - G3|B+
Access Bank PLC|2008 CSR Report|2009|GRI - G3|C+
Access Bank PLC|2008 Sustainability Report|2008|GRI - G3|C+
Access Engineering|Annual Report 2016/17|2017|GRI - G4|In accordance - Core
Access Engineering|Annual Report 2015/16|2016|GRI - G4|Undeclared
Access Engineering|Annual Report 2014/15|2015|GRI - G3|B
Access Engineering|Sustainability Report 2013/2014|2014|GRI - G3.1|B
Access Engineering|Sustainability Report 2012/2013|2013|Citing - GRI|None
Access Engineering|Sustainability Report 2011/2012|2012|Citing - GRI|None
Acciona|MEMORIA DE SOSTENIBILIDAD 2018|2019|GRI - Standards|In accordance - Comprehensive
Acciona|Memoria de Sostenibilidad 2017|2018|GRI - Standards|In accordance - Comprehensive
Acciona|MEMORIA DE SOSTENIBILIDAD 2016|2017|GRI - G4|In accordance - Comprehensive
Acciona|Memoria de Sostenibilidad 2016|2017|GRI - G4|In accordance - Comprehensive
Acciona|MEMORIA DE SOSTENIBILIDAD 2015|2016|GRI - G4|In accordance - Comprehensive
Acciona|Memoria de Sosteniblidad 2014|2015|GRI - G4|In accordance - Comprehensive
Acciona|Memoria de Sostenibilidad 2013|2014|GRI - G4|In accordance - Comprehensive
Acciona|Sustainability Report 2012|2013|GRI - G3.1|A+
Acciona|Sustainability Report 2011|2012|GRI - G3.1|A+
Acciona|Sustainability Report 2010|2011|GRI - G3|A+
Acciona|Memoria Sostenibilidad 2009|2010|GRI - G3|A+
Acciona|Memoria Sostenibilidad 2008|2009|GRI - G3|A+
Acciona|Memoria Sostenibilidad 2007|2008|GRI - G3|A+
Acciona|Memoria de Sostenibilidad 2006|2007|GRI - G3|A+
Acciona|Memoria de Sostenibilidad 2005|2006|GRI - G2|Content Index Only
Acciona Forwarding Perú S.A.|Acciona Forwarding Peru S.A. 2017|2018|Citing - GRI|None
ACCIÓN RSE|Reporte de sustentabilidad 2008|2009|GRI - G3|A
ACCIÓN RSE|Reporte de Sustentabilidad 2007|2008|GRI - G3|A
ACC Limited|ACC Limited Sustainable Development Report 2017|2018|GRI - Standards|In accordance - Comprehensive
ACC Limited|Building the nation and the company. Annual report 2015-16|2017|Non - GRI|N/A
ACC Limited|Sustainable Development Report 2015|2016|GRI - G4|In accordance - Comprehensive
ACC Limited|Sustainable Development Report 2014|2015|GRI - G4|In accordance - Comprehensive
ACC Limited|Sustainable Development Report 2013|2014|GRI - G4|In accordance - Core
ACC Limited|Sustainable Development Report 2012|2013|GRI - G3.1|Undeclared
ACC Limited|Sustainable Development Report 2011|2012|GRI - G3.1|A+
ACC Limited|Sustainable Development Report 2010|2011|Citing - GRI|None
ACC Limited|2008 Sustainable Development Update Report|2009|GRI - G3|Undeclared
ACC Limited|Sustainable Development Report 2007|2008|GRI - G3|Undeclared
Accor|Document de référence 2018|2019|Non - GRI|N/A
Accor|REGISTRATION DOCUMENT AND ANNUAL FINANCIAL REPORT 2017|2018|Citing - GRI|None
Accor|Registration document 2015|2016|GRI - G4|In accordance - Core
Accor|Registration Document 2014|2015|GRI - G4|In accordance - Core
Accor|REGISTRATION DOCUMENT AND ANNUAL FINANCIAL REPORT|2014|GRI - G3.1|Undeclared
Accor|2012 ANNUAL REPORT|2013|Non - GRI|N/A
Accor|2004 Annual Report|2005|GRI - G2|Content Index Only
Accor Hotels|AccorHotels Australia: 2017 Corporate Responsibility Report|2018|GRI - Standards|In accordance - Core
Accor Hotels|AccorHotels Australia: 2016 Corporate Responsibility Report|2017|GRI - Standards|In accordance - Core
Accor México|Sustainability report 2011|2012|GRI - G3.1|B
Accton Technology Corp.|2017 Corporate Social Responsibility Report (Traditional Chinese Version)|2018|GRI - G4|In accordance - Core
Accton Technology Corp.|2016 CSR Report|2017|GRI - G4|Undeclared
Acea|Bilancio di Sostenibilità 2018|2019|GRI - Standards|In accordance - Comprehensive
Acea|Sustainability Report 2016|2017|Non - GRI|N/A
Acea|BILANCIO DI SOSTENIBILITÀ 2015|2016|GRI - G4|In accordance - Comprehensive
Acea|Sustainability Report 2014|2015|GRI - G3.1|Undeclared
Acea|ACEA 2013 SUSTAINABILITY REPORT|2014|GRI - G3.1|A+
Acea|Sustainability Report 2012|2013|GRI - G3.1|A+
Acea|Sustainibility Report 2011|2012|GRI - G3.1|A+
Acea|Sustainibility Report 2010|2011|GRI - G3.1|A+
Acea|Sustainibility Report 2009|2010|GRI - G3|A+
Acea|Bilancio di Sostenibilita 2008|2009|GRI - G3|A+
Acea|Bilancio di Sostenibilita 2007|2008|GRI - G3|A+
Acea|Sustainability Report 2006|2007|GRI - G3|A+
Acea|Sustainability Report 2005|2006|GRI - G2|In Accordance
Acea|Sustainability Report 2004|2005|GRI - G2|In Accordance
Acea|Sustainability Report 2003|2004|GRI - G2|In Accordance
Acea|Rapporto Ambientale 2002|2003|GRI - G2|In Accordance
Acea|Social and Environmental report 2000|2001|GRI - G1|None
Acea|Social and Environmental report 1998|1999|GRI - G1|N/A
ACEFAT|Memoria de sostenibilitat 2012|2013|GRI - G3.1|Undeclared
ACEFAT|Memòria de sostenibilitat 2011|2012|GRI - G3.1|A
ACEFAT|Memòria de sostenibilitat 2009-2010|2011|GRI - G3.1|A
ACEFAT|Memòria de sostenibilitat 2008|2009|GRI - G3|A
AcegasAps|Bilancio Integrato 2012|2013|GRI - G3.1|A
AcegasAps|Bilancio Integrato 2011|2012|GRI - G3|A
AcegasAps|Bilancio Integrato 2010|2011|GRI - G3|A
AcegasAps|Bilancio Integrato 2008|2009|GRI - G3|A
AcegasAps|Bilancio Integrato 2007|2008|GRI - G3|Undeclared
ACEING SAC|REPORTE DE SOSTENIBILIDAD 2018|2019|GRI - Standards|GRI - Referenced
ACENAVIR S.A.C.|REPORTE DE SOSTENIBILIDAD 2018|2019|GRI - Standards|GRI - Referenced
Acer|2016 Acer Corporate Responsibility Report|2017|GRI - G4|In accordance - Core
Acer|2015 CSR Report|2016|GRI - G4|In accordance - Core
Acer|Acer Corporate responsibility report 2014|2015|GRI - G4|In accordance - Core
Acer|Acer Corporate Responsibilty Report 2013: Transforming the Future|2014|GRI - G4|In accordance - Core
Acer|Acer Corporate Reponsibility Report 2012|2013|GRI - G3.1|A+
Acer|2011 Acer Corporate Responsibility Report|2012|GRI - G3.1|B+
Acer|CR Report 2010|2011|GRI - G3.1|B
Acer|2009 CSR Report|2010|GRI - G3|B
Acer|2008 Corporate Responsibility Report|2009|GRI - G3|Undeclared
Acerinox|Informe de Sostenibilidad 2018|2019|GRI - Standards|In accordance - Core
Acerinox|Informe de Sostenibilidad Acerinox 2017|2018|GRI - G4|In accordance - Core
Acerinox|Informe de Sostenibilidad Acerinox 2016|2017|GRI - G4|In accordance - Core
Acerinox|Informe de Sostenibilidad Acerinox 2015|2016|GRI - G4|In accordance - Core
Acerinox|Informe de Sostenibilidad Acerinox 2014|2015|GRI - G3.1|A
Acerinox|INFORME DE SOSTENIBILIDAD ACERINOX 2013|2014|GRI - G3|A
Acerinox|INFORME DE SOSTENIBILIDAD ACERINOX 2012|2013|GRI - G3|A
Acerinox|INFORME DE SOSTENIBILIDAD ACERINOX 2011|2012|GRI - G3|B
Aceros Arequipa|Reporte de Sostenibilidad 2018|2019|GRI - Standards|In accordance - Core
Aceros Arequipa|Reporte de Sostenibilidad 2017|2018|GRI - Standards|In accordance - Core
Aceros Arequipa|Reporte de Sostenibilidad|2017|GRI - G4|Undeclared
Acesco|Reporte de Sostenibilidad 2016|2017|GRI - G4|In accordance - Core
Acesco|Reporte de sostenibilidad|2016|GRI - G4|In accordance - Core
ACES ELECTRONICS|2015 Corporate Social Responsibility Report (Chinese Version)|2016|Non - GRI|N/A
ACES ELECTRONICS|2014 Corporate Social Responsibility Report (Chinese Version)|2015|Non - GRI|N/A
ACES ELECTRONICS|2013 Corporate Social Responsibility Report (Chinese Version)|2014|Non - GRI|N/A
Aché Laboratórios Farmacêuticos|Relatório Anual 2016|2017|GRI - G4|In accordance - Core
Aché Laboratórios Farmacêuticos|Relatório Anual 2016|2016|GRI - G4|In accordance - Core
Achmea Holding|Annual Report 2016|2017|GRI - G4|In accordance - Core
Achmea Holding|Jaarverslag 2015|2016|GRI - G4|In accordance - Core
Achmea Holding|Jaarverslag 2014|2015|GRI - G4|In accordance - Core
Achmea Holding|Jaarverslag 2013|2014|GRI - G4|In accordance - Core
Achmea Holding|Maatschappelijk Jaarverslag 2012|2013|GRI - G3.1|A+
Achmea Holding|Maatschappelijk Jaarverslag 2011|2012|GRI - G3|A+
Achmea Holding|Tussen winst and waarde 2010|2011|GRI - G3|Undeclared
Achmea Holding|MVO Rapport 2009|2010|GRI - G3|A+
Achmea Holding|MVO Jaarverslag 2008|2008|GRI - G3|Undeclared
Achmea Holding|Maatschappelijk Jaarverslag 2006|2007|GRI - G3|Undeclared
Achmea Holding|Maatschappelijk jaarverslag 2005|2006|GRI - G2|Content Index Only
Achmea Holding|MVO jaarverslag 2004|2005|GRI - G2|Content Index Only
Acindar Grupo ArcelorMittal|Reporte de Sustentabilidad 2016|2017|GRI - G4|In accordance - Core
Acindar Grupo ArcelorMittal|Reporte de Sustentabilidad 2015|2016|GRI - G4|In accordance - Core
Acindar Grupo ArcelorMittal|Reporte de Sustentabilidad 2014|2015|GRI - G4|In accordance - Core
Acindar Grupo ArcelorMittal|Reporte de Sustentabilidad 2013|2014|GRI - G3|B
Acindar Grupo ArcelorMittal|Reporte de Sustentabilidad 2012|2013|GRI - G3|B
Acindar Grupo ArcelorMittal|Reporte de sustentabilidad 2011|2012|GRI - G3|B
Acindar Grupo ArcelorMittal|Reporte de Sustentabilidad 2010|2011|GRI - G3|B
ACL Cables PLC|Annual Report 2017/18|2018|Non - GRI|N/A
ACL Cables PLC|Annual Report 2016/17|2017|Non - GRI|N/A
ACL Cables PLC|Annual Report 2015/16|2016|Non - GRI|N/A
ACL Cables PLC|Annual Report 2014/15|2015|Non - GRI|N/A
ACL Cables PLC|Annual Report 2013/14|2014|Non - GRI|N/A
Acleda Bank|Annual Report 2017|2018|GRI - G4|Undeclared
Acleda Bank|Annual Report 2016|2017|Citing - GRI|None
Acleda Bank|Annual Report 2015|2016|Citing - GRI|None
Acleda Bank|Annual Report 2014|2015|Citing - GRI|None
Acleda Bank|Annual Report 2013|2014|Citing - GRI|None
Acleda Bank|Annual Report 2012|2013|Citing - GRI|None
Acleda Bank|Annual Report 2011|2012|Citing - GRI|None
Acleda Bank|Annual Report 2010|2011|Citing - GRI|None
Acleda Bank|Annual Report 2009|2010|Citing - GRI|None
Acleda Bank|Annual Report 2008|2009|Citing - GRI|None
Acleda Bank|Annual Report 2007|2008|GRI - G2|Content Index Only
Acleda Bank|Annual Report 2006|2007|GRI - G2|Content Index Only
Acleda Bank|Annual Report 2005|2006|GRI - G2|Content Index Only
ACMA SOSTENIBLE  S.L.|Memoria de Sostenibilidad ACMA 2010|2011|GRI - G3.1|B
Acme Electronics Corporation|2016 Corporate Social Responsibility Report (Traditional Chinese Version)|2017|GRI - G4|In accordance - Core
Acme Electronics Corporation|2015 Corporate Social Responsibility Report (Chinese Version)|2016|GRI - G4|In accordance - Core
Acme Electronics Corporation|2014 Corporate Social Responsibility Report (Chinese Version)|2015|GRI - G4|In accordance - Core
A.C. Milan|Rapporto di Sostenibilitá 2016/2017|2018|GRI - G4|In accordance - Core
A.C. Milan|Rapporto di Sostenibilitá 2015/2016|2017|GRI - G4|Undeclared
AC Milan|Sustainability Report 2016/2017|2018|GRI - G4|In accordance - Core
AC Milan|Sustainability Report 2015/2016|2017|GRI - G4|In accordance - Core
ACMS Galicia|Memoria de Sostenibilidad 2006|2006|GRI - G2|Content Index Only
Acomo|Annual Report 2017|2017|GRI - G4|In accordance - Core
ACO NORDIC GROUP A/S|ACO Nordic Group A/S CSR Report 2018|2019|GRI - Standards|In accordance - Core
A Coruña Port Authority|Sustainability Report 2017|2018|Non - GRI|N/A
A Coruña Port Authority|Memoria Sostenibilidad 2015|2016|GRI - G4|In accordance - Core
A Coruña Port Authority|Memoria Sostenibilidad 2014|2015|GRI - G4|In accordance - Core
A Coruña Port Authority|2013 Memoria Sostenibilidad|2014|GRI - G3|A
A Coruña Port Authority|Corporate Responsibility Report 2012|2013|GRI - G3.1|A+
A Coruña Port Authority|Memoria de sostenibilidad 2011|2012|GRI - G3|A+
A Coruña Port Authority|A Coruña Port Authority Sustainability Report 2010|2011|GRI - G3.1|A+
A Coruña Port Authority|2009 Sustainability Report|2010|GRI - G3|A+
A Coruña Port Authority|CSR Report 2008|2009|GRI - G3|A+
A Coruña Port Authority|Corporate Responsibility Report|2008|GRI - G3|A+
Acsion Real Estate|INTEGRATED REPORT 2016|2017|Non - GRI|N/A
Acsion Real Estate|INTEGRATED REPORT 2017|2017|Non - GRI|N/A
ACSP (Associação Comercial de São Paulo)|Relatório Social 2016|2017|GRI - G4|In accordance - Core
ACSP (Associação Comercial de São Paulo)|RELATÓRIO SOCIAL 2015|2016|GRI - G4|In accordance - Core
ACSP (Associação Comercial de São Paulo)|RELATÓRIO SOCIAL 2014|2015|GRI - G4|In accordance - Core
ACSP (Associação Comercial de São Paulo)|Relatório Social 2013|2014|GRI - G3|Undeclared
ACSP (Associação Comercial de São Paulo)|Relatório Social 2012|2013|GRI - G3|Undeclared
ACSP (Associação Comercial de São Paulo)|Relatório Social 2011|2012|GRI - G3|C+
ACSP (Associação Comercial de São Paulo)|Relatorio Social 2010|2011|GRI - G3|B
ACSP (Associação Comercial de São Paulo)|Relatorio Social 2009|2010|GRI - G3|B
ACSP (Associação Comercial de São Paulo)|Relatório Social 2008|2009|GRI - G3|C
Actelion|Sustainability Report 2016|2017|Citing - GRI|None
Actelion|SUSTAINABILITY REPORT. 2015|2016|GRI - G4|In accordance - Core
Actelion|Corporate Governance and CSR Report 2013|2014|Non - GRI|N/A
Acteos|Document de référence 2017|2018|Non - GRI|N/A
Acteos|Document de référence 2016|2017|Citing - GRI|None
Acteos|Document de Référence 2015|2016|Citing - GRI|None
Acteos|Rapport Annuel 2014|2015|Citing - GRI|None
Acter Co., Ltd.|Corporate Social Responsibility Report 2016 (Traditional Chinese Version)|2017|GRI - G4|Undeclared
Acter Co., Ltd.|Acter Co., Ltd. Corporate Social Responsibility Report 2015|2016|GRI - G4|Undeclared
Acter Co., Ltd.|2014 Acter Co., Ltd. Corporate Social Responsibility Report|2015|GRI - G4|Undeclared
ActewAGL|Our Year in Review|2016|Non - GRI|N/A
ActewAGL|Our year in review 2014-2015|2015|Non - GRI|N/A
ActewAGL|Sustainability Performance Report 2013|2014|Non - GRI|N/A
ActewAGL|Sustainability Report 2011/12|2012|GRI - G3|C
ActewAGL|Sustainability Report 2010-2011|2011|GRI - G3|C+
ActewAGL|Annual and Sustainability report 2009-2010|2010|GRI - G3|C+
ActewAGL|Annual and Sustainability report 2008|2008|GRI - G3|Undeclared
Actia|Document de référence 2017|2018|Non - GRI|N/A
Actia|Registration Document 2016|2017|Non - GRI|N/A
Actia|Document de référence 2015|2016|Non - GRI|N/A
Actia|Document de référence 2014|2015|Non - GRI|N/A
ACTIVA MUTUA|Memoria de Sostenibilidad 2017|2017|GRI - Standards|In accordance - Core
ACTIVA MUTUA|Memoria de Sostenibilidad 2016|2017|GRI - G4|In accordance - Core
ACTIVA MUTUA|Memoria de Sostenibilidad 2015|2016|Citing - GRI|None
ACTIVA MUTUA|Memoria de Sostenibilidad 2014|2015|GRI - G3.1|Undeclared
ACTIVA MUTUA|Memoria de Sostenibilidad 2013|2014|GRI - G3|Undeclared
ACTIVA MUTUA|Memoria Activa Mutua Año 2012|2013|Non - GRI|N/A
ACTIVA MUTUA|INFORME ANUAL de Activa Mutua 2011|2012|Non - GRI|N/A
Actron Technology Corporation (ATC)|2017 Corporate Social Responsibility Report (Traditional Chinese Version)|2018|GRI - G4|In accordance - Core
Actron Technology Corporation (ATC)|2016 Corporate Social Responsibility Report (Traditional Chinese Version)|2017|GRI - G4|In accordance - Core
Actron Technology Corporation (ATC)|2015 Actron CSR Report|2016|GRI - G4|In accordance - Core
ACUAMED|Committed to water. 2011 Annual Report-  Sociedad Estatal Aguas de las Cuencas Mediterránea|2012|GRI - G3.1|A
Acucap Properties|Integrated Annual Report 2018|2018|Citing - GRI|None
Acucap Properties|Integrated Annual Report 2017|2017|Citing - GRI|None
Acucap Properties|Integrated Annual Report 2016|2016|Non - GRI|N/A
Acucap Properties|Integrated Annual Report 2015|2015|Non - GRI|N/A
Acucap Properties|2014 Integrated Annual Report|2014|Non - GRI|N/A
Acucap Properties|2013 Integrated Annual Report|2013|Non - GRI|N/A
Acucap Properties|2012 Integrated Annual Report|2012|Non - GRI|N/A
Acucap Properties|Annual Report 2011|2011|Non - GRI|N/A
Acucap Properties|Annual Report 2010|2010|Non - GRI|N/A
Acueducto Metropolitano de Bucaramanga|Informe De Gestión 2017|2018|Non - GRI|N/A
Acueducto Metropolitano de Bucaramanga|Informe de Gestión 2016|2017|Non - GRI|N/A
Acueducto Metropolitano de Bucaramanga|Informe de Sustentabilidad Gestión 2015|2016|Non - GRI|N/A
Acueducto Metropolitano de Bucaramanga|Informe de Sustentabilidad 2013|2014|Non - GRI|N/A
Acueducto Metropolitano de Bucaramanga|Informe de sustentabilidad 2011|2012|Non - GRI|N/A
ACWA Power|ACWA Power Annual Report 2016 - Sustainable value Reliable supply|2017|GRI - G4|In accordance - Core
ACWA Power|Sustainability Report 2015|2016|GRI - G4|In accordance - Core
ACWA Power|ACWA Power Sustainability Report 2014|2015|GRI - G4|In accordance - Core
ACWA Power|2012 Annual Report|2014|Non - GRI|N/A
ACWA Power|ACWA Power Annual Report 2013 Boundless Energy|2014|Non - GRI|N/A
ADAMA|Corporate Social Report 2014-2015|2016|GRI - G4|Undeclared
ADAMA|Corporate Social Report 2012-2013|2014|GRI - G3|B
ADAMA|CSR Report 2011|2012|GRI - G3|B
ADAMA|CSR Report 2010|2011|GRI - G3|B
ADAMA|CSR report 2009|2010|GRI - G3|B
Adam Capital PLC|Annual Report 2016/17|2018|Non - GRI|N/A
Adam Capital PLC|Annual Report 2015/16|2017|Non - GRI|N/A
Adampol|Corporate Social Responsibility 2015-2016|2017|Non - GRI|N/A
Adampol|CSR 2014|2015|Non - GRI|N/A
Adampol|CORPORATE SOCIAL RESPONSIBILITY REPORT 2013|2014|Non - GRI|N/A
Adampol|Spo?eczna Odpowiedzialno?? Biznesu 2012|2013|GRI - G3|C
Adampol|SPOŁECZNA ODPOWIEDZIALNOŚĆ BIZNESU W ADAMPOL SA 2011|2012|Citing - GRI|None
Adampol|RAPORT CSR ADAMPOL SA 2007-2010|2011|Non - GRI|N/A
Adani Enterprises Limited|Adani Enterprises Annual Report FY 16-17|2017|Non - GRI|N/A
Adani Ports And Special Economic Zone Ltd.|SMART PORT - Sustainability Report 2017-2018|2018|GRI - Standards|In accordance - Core
Adani Ports And Special Economic Zone Ltd.|GREEN AND CLEAN- Sustainability Report 2016-17|2017|GRI - Standards|In accordance - Core
Adani Ports And Special Economic Zone Ltd.|Adani Ports and Special Economic Zone Limited - Sustainability Report - Safe Smart Sustainable|2016|GRI - G4|In accordance - Core
Adani Ports And Special Economic Zone Ltd.|Adani Ports and Special Economic Zones Limited Annual Report 2013-2014|2014|Non - GRI|N/A
Adani Ports And Special Economic Zone Ltd.|Adani Enterprises Ltd. Annual Report 2012-2013|2013|Non - GRI|N/A
Adani Power|Adani Power Sustainability Report FY 16-17|2018|GRI - G4|In accordance - Comprehensive
Adani Power|Adani Power Annual Report FY 16-17|2017|Non - GRI|N/A
Adani Power|QUEST For A Brighter Tomorrow|2016|GRI - G4|In accordance - Comprehensive
Adani Power|Courage. Trust. Commitment.|2015|GRI - G4|In accordance - Comprehensive
Adani Transmission Limited|Adani Transmission Annual Report FY 16-17|2017|Non - GRI|N/A
Adapt IT Group|Integrated Annual Report 2018|2018|Citing - GRI|None
Adapt IT Group|Integrated Report 2017|2017|Citing - GRI|None
Adapt IT Group|Integrated Annual Report 2016|2016|Citing - GRI|None
Adapt IT Group|Integrated Annual Report 2015|2015|Citing - GRI|None
Adapt IT Group|Integrated Annual Report 2014|2014|Citing - GRI|None
Adapt IT Group|Integrated annual report 2013|2013|Citing - GRI|None
Adapt IT Group|Integrated Annual Report 2012|2012|Citing - GRI|None
Adapt IT Group|Integrated Annual Report 2011|2011|Non - GRI|N/A
Adapt IT Group|Annual Report 2010|2010|Non - GRI|N/A
ADARO ENERGY Tbk|25 Years of Empowering Excellence: Annual Report 2017|2018|Non - GRI|N/A
ADARO ENERGY Tbk|Annual Report 2016|2017|Non - GRI|N/A
ADARO ENERGY Tbk|Annual Report 2016|2017|Non - GRI|N/A
ADARO ENERGY Tbk|SUSTAINABILITY REPORT 2012-2013|2014|GRI - G4|In accordance - Core
ADARO ENERGY Tbk|Adaro Sustainability Report 2011|2013|GRI - G3.1|A
ADARO ENERGY Tbk|Adaro Sustainability Report 2010|2011|GRI - G3|A
ADBC|2016 Social Responsibility Report|2017|Citing - GRI|None
Adcock Ingram Holdings Limited|Integrated Report 2018|2018|Non - GRI|N/A
Adcock Ingram Holdings Limited|Integrated Report 2017|2017|Citing - GRI|None
Adcock Ingram Holdings Limited|Integrated Report 2016|2016|Non - GRI|N/A
Adcock Ingram Holdings Limited|Integrated Report 2015|2015|Non - GRI|N/A
Adcock Ingram Holdings Limited|Integrated Report 2014|2014|Citing - GRI|None
Adcock Ingram Holdings Limited|Integrated Report 2013|2013|GRI - G3|Undeclared
Adcock Ingram Holdings Limited|Integrated Report 2012|2012|GRI - G3.1|Undeclared
Adcock Ingram Holdings Limited|Integrated Annual Report 2011|2011|GRI - G3|B
Adcock Ingram Holdings Limited|Annual Report 2010|2010|Non - GRI|N/A
Adcorp|Integrated Annual Report 2018|2018|Non - GRI|N/A
Adcorp|Integrated Annual Report 2017|2017|Citing - GRI|None
Adcorp|Integrated Annual Report 2016|2016|Citing - GRI|None
Adcorp|Integrated Annual Report 2015|2015|GRI - G4|In accordance - Core
Adcorp|Integrated Annual Report 2014|2014|Citing - GRI|None
Adcorp|Integrated Annual Report 2013|2013|GRI - G3.1|Undeclared
Adcorp|Integrated Annual Report 2012|2012|GRI - G3|Undeclared
Adcorp|Integrated Annual Report 2011|2011|GRI - G3|C
Adcorp|Annual Report 2010|2010|Non - GRI|N/A
Addsino|Social Responsibility Report 2017|2018|Non - GRI|N/A
Addsino|Social Responsibility Report 2016|2017|Non - GRI|N/A
Addsino|Social Responsibility Report 2015|2016|Non - GRI|N/A
Addtech|Addtech Annual Reprot 2017/2018 -including Sustainability Report|2018|GRI - Standards|In accordance - Core
Addtech|Sustainability Report 2015/2016|2016|Citing - GRI|None
Addtech|Sustainability report 2014/2015|2015|GRI - G3|C
Addtech|Sustainability Report 2013/2014|2014|GRI - G3|C
Addtech|Sustainability Report 2012/2013|2013|GRI - G3|C
Addtech|Sustainability Report 2011/2012|2012|GRI - G3|C
Addtech|Sustainability Report 2010/2011|2011|GRI - G3|C
Adecco|CSR Report & CoP 2015/2016|2016|GRI - G4|In accordance - Comprehensive
Adecco|CSR Report & CoP 2014/2015|2015|GRI - G4|Undeclared
Adecco|CSR Communication on Progress 2013/2014|2014|GRI - G3.1|B
Adecco|Adecco Group CSR Report 2012/2013|2013|GRI - G3.1|B
Adecco|CSR CoP  2011|2012|GRI - G3.1|B
Adecco|CSR Report 2010|2011|GRI - G3.1|B
Adecco|CSR CoP 2009|2010|GRI - G3|B
Adecco|Corporate Responsibility Report 2008|2009|GRI - G3|B
Adecco|Sustainability Report|2008|GRI - G3|B
Adecco Argentina|Reporte de Sustentabilidad 2016|2017|GRI - G4|In accordance - Core
Adecco Argentina|Reporte de Sustentabilidad 2015|2016|GRI - G4|In accordance - Core
Adecco Argentina|Reporte de Sustentabilidad 2014|2015|GRI - G4|In accordance - Core
Adecco Argentina|Reporte de Sustentabilidad 2013|2014|GRI - G4|In accordance - Core
Adecco Argentina|Reporte de Sustentabilidad 2012|2013|GRI - G3.1|C
Adecco Argentina|Informe de Responsabilidad Social Empresaria|2012|GRI - G3|Undeclared
Adeka|CSR Report 2017|2017|GRI - G4|Undeclared
Adeka|CSR Reort 2016|2016|GRI - G4|Undeclared
Adeka|CSR Report 2015|2015|GRI - G4|Undeclared
Adeka|CSR Report 2014|2014|GRI - G3.1|Undeclared
Adeka|CSR Report 2013|2013|GRI - G3|Undeclared
Adeka|CSR Report 2012|2012|Citing - GRI|None
Adeka|CSR Report 2011|2011|Citing - GRI|None
Adeka|CSR Report 2010|2010|GRI - G3|Undeclared
Adeka|2009 CSR Report|2009|GRI - G3|Undeclared
Adelaide Brighton Ltd|2017 Annual Report|2017|Non - GRI|N/A
Adelaide Brighton Ltd|Annual Report 2015|2016|Non - GRI|N/A
Adelaide Brighton Ltd|ANNUAL REPORT 2014|2015|Citing - GRI|None
Adelaide Brighton Ltd|Adelaide Brighton 2013 Annual Report|2014|Citing - GRI|None
Adelaide Brighton Ltd|Annual Report 2012|2013|Citing - GRI|None
ADFIAP|Making Our Numbers Count: ADFIAP 2018 Sustainability Report|2019|GRI - Standards|In accordance - Core
ADFIAP|Diversity & Inclusion: ADFIAP 2017 Sustainability Report|2018|GRI - G4|Undeclared
ADFIAP|Many Colors, One World: Sustainability Report 2016|2017|GRI - G4|Undeclared
ADFIAP|At the Forefront of Sustainability - Sustainability Report 2015|2016|GRI - G4|Undeclared
ADFIAP|Sustainability Report 2014|2015|GRI - G4|In accordance - Core
ADFIAP|Sustainability Report 2013|2014|GRI - G4|In accordance - Core
ADFIAP|ADFIAP ADVANCE - 2012 Sustainability Magazine|2013|GRI - G3.1|C
ADFIAP|2011 Integrated Report|2012|GRI - G3|C
ADFIAP|2010 ADFIAP Integrated Annual and Sustainability Report|2011|GRI - G3|C
ADFIAP|2009 Annual report|2010|GRI - G3|C
ADFIAP|Report 2008|2009|GRI - G3|C
ADHI|Sustainability Report 2017|2018|Citing - GRI|None
ADHI|Sustainability Report 2016|2017|Citing - GRI|None
ADHI|Sustainability Report 2015|2016|Citing - GRI|None
ADHI|Sustainability Report 2014|2015|Citing - GRI|None
ADHI|Sustainability Report 2013|2014|Non - GRI|N/A
ADHI|Sustainability Report 2011|2012|GRI - G3.1|Undeclared
ADHI|Sustainability Report 2010|2011|Citing - GRI|None
ADHI|Sustainability Report 2009|2010|Non - GRI|N/A
Adidas Group|2016 Sustainability Progress Report - CALLING ALL CREATORS|2017|Non - GRI|N/A
Adidas Group|Sustainability Progress Report 2015|2016|Non - GRI|N/A
Adidas Group|SUSTAINABILITY PROGRESS REPORT 2014|2015|Citing - GRI|None
Adidas Group|Sustainability Progress Report 2013|2014|Citing - GRI|None
Adidas Group|Sustainability Progress Report 2012|2013|Citing - GRI|None
Adidas Group|Sustianability Report 2011|2012|GRI - G3.1|B
Adidas Group|Sustainability Report 2010|2011|GRI - G3|B
Adidas Group|Nachhaltigkeitsbericht 2009|2010|Non - GRI|N/A
Adidas Group|Nachhaltigkeitsbericht 2008|2009|Non - GRI|N/A
Adidas Group|Corporate Responsibility Report 2007|2008|GRI - G3|C
Adidas Group|2004 Social & Environmental Report|2005|GRI - G2|Content Index Only
Adidas Group|2003 Social & Environmental Report|2004|GRI - G2|Content Index Only
Adidas Group|2002 Social & Environmental Report|2003|GRI - G2|Content Index Only
Adidas Group|2001 Social & Environmental Report|2002|GRI - G1|None
ADIF|INFORME DE SOSTENIBILIDAD 2017|2018|GRI - G4|In accordance - Comprehensive
ADIF|Informe de Sostenibilidad y Gobierno Corporativo 2016|2017|GRI - G4|In accordance - Comprehensive
ADIF|Informe de Sostenibilidad y Gobierno Corporativo|2016|GRI - G4|In accordance - Comprehensive
ADIF|Informe de Sostenibilidad y Gobierno Corporativo|2015|GRI - G4|In accordance - Core
ADIF|Informe de Sostenibilidad y Gobierno Corporativo 2013|2014|GRI - G4|In accordance - Comprehensive
ADIF|2012 Informe de Sostenibilidad - Resumen Ejecutivo|2013|Non - GRI|N/A
ADIF|Informe de Sostenibilidad 2011|2012|GRI - G3.1|A
ADIF|Informe de Sostenibilidad 2010 de Adif|2011|GRI - G3.1|A+
ADIF|Informe de Sostenibilidad 2009|2010|GRI - G3|A+
ADIF|Informe de Sostenibilidad 2008|2009|GRI - G3|A+
ADIF|2007 Informe de Sostenibilidad|2008|GRI - G3|A+
ADIF|Informe de Sostenibilidad 2006|2007|GRI - G3|A+
ADIF|Memoria de RSC de Adif|2006|GRI - G2|Content Index Only
Adira Finance|Driving Innovation and Growth: Annual Report 2017|2018|Non - GRI|N/A
Adira Finance|Annual Report 2016|2017|Citing - GRI|None
Adira Finance|Sustainability Report 2015|2016|GRI - G4|In accordance - Core
Adira Finance|Sustainability Report 2014|2015|GRI - G4|In accordance - Core
Adira Finance|Laporan Berkelanjutan Sustainability Report 2013|2014|GRI - G4|In accordance - Core
Adira Finance|Sustainability Report 2012|2013|GRI - G3.1|Undeclared
Adira Finance|Laporan Keberlanjutan 2011|2012|Non - GRI|N/A
Adira Finance|Laporan Keberlanjutan 2010|2011|Non - GRI|N/A
Adisseo France SAS|Rapport Développement Durable 2017|2018|Citing - GRI|None
Adisseo France SAS|Sustainable Development Report 2016|2017|GRI - G4|Undeclared
Adisseo France SAS|Sustainable Development Report 2015|2016|GRI - G4|Undeclared
Adisseo France SAS|Sustainable development report 2014|2015|GRI - G4|Undeclared
Adisseo France SAS|Sustainable Development Report 2013|2014|GRI - G4|Undeclared
Adisseo France SAS|Sustainability Report 2012|2013|GRI - G3|C
